Number,Name,Type 1,Type 2,Abilities,HP,Att,Def,Spa,Spd,Spe,BST,Mean,Standard Deviation,Generation,Experience type,Experience to level 100,Final Evolution,Catch Rate,Legendary,Mega Evolution,Alolan Form,Galarian Form,Against Normal,Against Fire,Against Water,Against Electric,Against Grass,Against Ice,Against Fighting,Against Poison,Against Ground,Against Flying,Against Psychic,Against Bug,Against Rock,Against Ghost,Against Dragon,Against Dark,Against Steel,Against Fairy,Height,Weight,BMI
144,Articuno,Ice,Flying,"['Pressure', 'Snow Cloak']",90,85,100,95,125,85,580,96.66666666666669,13.743685418725534,1.0,Slow,1250000,1.0,3,1.0,0.0,0.0,0.0,1.0,2.0,1.0,2.0,0.5,1.0,1.0,1.0,0.0,1.0,1.0,0.5,4.0,1.0,1.0,1.0,2.0,1.0,1.7,55.4,19.2
144,Galarian Articuno,Psychic,Flying,['Competitive'],90,85,85,125,100,95,580,96.66666666666669,13.743685418725534,8.0,Slow,1250000,1.0,3,1.0,0.0,0.0,1.0,1.0,1.0,1.0,2.0,0.5,2.0,0.25,1.0,0.0,1.0,0.5,1.0,2.0,2.0,1.0,2.0,1.0,1.0,1.7,50.9,17.6
145,Zapdos,Electric,Flying,"['Pressure', 'Static']",90,90,85,125,90,100,580,96.66666666666669,13.437096247164249,1.0,Slow,1250000,1.0,3,1.0,0.0,0.0,0.0,1.0,1.0,1.0,1.0,0.5,2.0,0.5,1.0,0.0,0.5,1.0,0.5,2.0,1.0,1.0,1.0,0.5,1.0,1.6,52.6,20.5
145,Galarian Zapdos,Fighting,Flying,['Defiant'],90,125,90,85,90,100,580,96.66666666666669,13.437096247164249,8.0,Slow,1250000,1.0,3,1.0,0.0,0.0,1.0,1.0,1.0,1.0,2.0,0.5,2.0,0.5,1.0,0.0,2.0,2.0,0.25,1.0,1.0,1.0,0.5,1.0,2.0,1.6,58.2,22.7
146,Moltres,Fire,Flying,"['Flame Body', 'Pressure']",90,100,90,125,85,90,580,96.66666666666669,13.437096247164249,1.0,Slow,1250000,1.0,3,1.0,0.0,0.0,0.0,1.0,0.5,2.0,2.0,0.25,1.0,0.5,1.0,0.0,1.0,1.0,0.25,4.0,1.0,1.0,1.0,0.5,0.5,2.0,60.0,15.0
146,Galarian Moltres,Dark,Flying,['Berserk'],90,85,90,100,125,90,580,96.66666666666669,13.437096247164249,8.0,Slow,1250000,1.0,3,1.0,0.0,0.0,1.0,1.0,1.0,1.0,2.0,0.5,2.0,1.0,1.0,0.0,1.0,0.0,1.0,2.0,0.5,1.0,0.5,1.0,2.0,2.0,66.0,16.5
150,Mewtwo,Psychic,,"['Pressure', 'Unnerve']",106,110,90,154,90,130,680,113.33333333333331,22.6764684689266,1.0,Slow,1250000,1.0,3,1.0,0.0,0.0,0.0,1.0,1.0,1.0,1.0,1.0,1.0,0.5,1.0,1.0,1.0,0.5,2.0,1.0,2.0,1.0,2.0,1.0,1.0,2.0,122.0,30.5
150,Mega Mewtwo Y,Psychic,,['Insomnia'],106,150,70,194,120,140,780,130.0,38.453435043785966,6.0,Slow,1250000,1.0,3,1.0,1.0,0.0,0.0,1.0,1.0,1.0,1.0,1.0,1.0,0.5,1.0,1.0,1.0,0.5,2.0,1.0,2.0,1.0,2.0,1.0,1.0,1.5,33.0,14.7
150,Mega Mewtwo X,Psychic,Fighting,['Steadfast'],106,190,100,154,100,130,780,130.0,33.04542328371661,6.0,Slow,1250000,1.0,3,1.0,1.0,0.0,0.0,1.0,1.0,1.0,1.0,1.0,1.0,0.5,1.0,1.0,2.0,1.0,1.0,0.5,2.0,1.0,1.0,1.0,2.0,2.3,127.0,24.0
151,Mew,Psychic,,['Synchronize'],100,100,100,100,100,100,600,100.0,0.0,1.0,Medium Slow,1059860,1.0,45,1.0,0.0,0.0,0.0,1.0,1.0,1.0,1.0,1.0,1.0,0.5,1.0,1.0,1.0,0.5,2.0,1.0,2.0,1.0,2.0,1.0,1.0,0.4,4.0,25.0
243,Raikou,Electric,,"['Inner Focus', 'Pressure']",90,85,75,115,100,115,580,96.66666666666669,14.907119849998598,2.0,Slow,1250000,1.0,3,1.0,0.0,0.0,0.0,1.0,1.0,1.0,0.5,1.0,1.0,1.0,1.0,2.0,0.5,1.0,1.0,1.0,1.0,1.0,1.0,0.5,1.0,1.9,178.0,49.3
244,Entei,Fire,,"['Inner Focus', 'Pressure']",115,115,85,90,75,100,580,96.66666666666669,14.907119849998598,2.0,Slow,1250000,1.0,3,1.0,0.0,0.0,0.0,1.0,0.5,2.0,1.0,0.5,0.5,1.0,1.0,2.0,1.0,1.0,0.5,2.0,1.0,1.0,1.0,0.5,0.5,2.1,198.0,44.9
245,Suicune,Water,,"['Inner Focus', 'Pressure']",100,75,115,90,115,85,580,96.66666666666669,14.907119849998598,2.0,Slow,1250000,1.0,3,1.0,0.0,0.0,0.0,1.0,0.5,0.5,2.0,2.0,0.5,1.0,1.0,1.0,1.0,1.0,1.0,1.0,1.0,1.0,1.0,0.5,1.0,2.0,187.0,46.8
249,Lugia,Psychic,Flying,"['Multiscale', 'Pressure']",106,90,130,90,154,110,680,113.33333333333331,22.6764684689266,2.0,Slow,1250000,1.0,3,1.0,0.0,0.0,0.0,1.0,1.0,1.0,2.0,0.5,2.0,0.25,1.0,0.0,1.0,0.5,1.0,2.0,2.0,1.0,2.0,1.0,1.0,5.2,216.0,8.0
250,Ho-Oh,Fire,Flying,"['Pressure', 'Regenerator']",106,130,90,110,154,90,680,113.33333333333331,22.6764684689266,2.0,Slow,1250000,1.0,3,1.0,0.0,0.0,0.0,1.0,0.5,2.0,2.0,0.25,1.0,0.5,1.0,0.0,1.0,1.0,0.25,4.0,1.0,1.0,1.0,0.5,0.5,3.8,199.0,13.8
251,Celebi,Psychic,Grass,['Natural Cure'],100,100,100,100,100,100,600,100.0,0.0,2.0,Medium Slow,1059860,1.0,45,1.0,0.0,0.0,0.0,1.0,2.0,0.5,0.5,0.5,2.0,0.5,2.0,0.5,2.0,0.5,4.0,1.0,2.0,1.0,2.0,1.0,1.0,0.6,5.0,13.9
377,Regirock,Rock,,"['Clear Body', 'Sturdy']",80,100,200,50,100,50,580,96.66666666666669,50.55250296034367,3.0,Slow,1250000,1.0,3,1.0,0.0,0.0,0.0,0.5,0.5,2.0,1.0,2.0,1.0,2.0,0.5,2.0,0.5,1.0,1.0,1.0,1.0,1.0,1.0,2.0,1.0,1.7,230.0,79.6
378,Regice,Ice,,"['Clear Body', 'Ice Body']",80,50,100,100,200,50,580,96.66666666666669,50.55250296034367,3.0,Slow,1250000,1.0,3,1.0,0.0,0.0,0.0,1.0,2.0,1.0,1.0,1.0,0.5,2.0,1.0,1.0,1.0,1.0,1.0,2.0,1.0,1.0,1.0,2.0,1.0,1.8,175.0,54.0
379,Registeel,Steel,,"['Clear Body', 'Light Metal']",80,75,150,75,150,50,580,96.66666666666669,38.908725099762506,3.0,Slow,1250000,1.0,3,1.0,0.0,0.0,0.0,0.5,2.0,1.0,1.0,0.5,0.5,2.0,0.0,2.0,0.5,0.5,0.5,0.5,1.0,0.5,1.0,0.5,0.5,1.9,205.0,56.8
380,Latias,Dragon,Psychic,['Levitate'],80,80,90,110,130,110,600,100.0,18.257418583505537,3.0,Slow,1250000,1.0,3,1.0,0.0,0.0,0.0,1.0,0.5,0.5,0.5,0.5,2.0,0.5,1.0,1.0,1.0,0.5,2.0,1.0,2.0,2.0,2.0,1.0,2.0,1.4,40.0,20.4
380,Mega Latias,Dragon,Psychic,['Levitate'],80,100,120,140,150,110,700,116.66666666666669,23.570226039551585,6.0,Slow,1250000,1.0,3,1.0,1.0,0.0,0.0,1.0,0.5,0.5,0.5,0.5,2.0,0.5,1.0,1.0,1.0,0.5,2.0,1.0,2.0,2.0,2.0,1.0,2.0,1.8,52.0,16.0
381,Latios,Dragon,Psychic,['Levitate'],80,90,80,130,110,110,600,100.0,18.257418583505537,3.0,Slow,1250000,1.0,3,1.0,0.0,0.0,0.0,1.0,0.5,0.5,0.5,0.5,2.0,0.5,1.0,1.0,1.0,0.5,2.0,1.0,2.0,2.0,2.0,1.0,2.0,2.0,60.0,15.0
381,Mega Latios,Dragon,Psychic,['Levitate'],80,130,100,160,120,110,700,116.66666666666669,24.94438257849294,6.0,Slow,1250000,1.0,3,1.0,1.0,0.0,0.0,1.0,0.5,0.5,0.5,0.5,2.0,0.5,1.0,1.0,1.0,0.5,2.0,1.0,2.0,2.0,2.0,1.0,2.0,2.3,70.0,13.2
382,Kyogre,Water,,['Drizzle'],100,100,90,150,140,90,670,111.66666666666669,24.09472049133493,3.0,Slow,1250000,1.0,3,1.0,0.0,0.0,0.0,1.0,0.5,0.5,2.0,2.0,0.5,1.0,1.0,1.0,1.0,1.0,1.0,1.0,1.0,1.0,1.0,0.5,1.0,4.5,352.0,17.4
382,Primal Kyogre,Water,,['Primordial Sea'],100,150,90,180,160,90,770,128.33333333333334,36.24760528488591,6.0,Slow,1250000,1.0,3,1.0,1.0,0.0,0.0,1.0,0.5,0.5,2.0,2.0,0.5,1.0,1.0,1.0,1.0,1.0,1.0,1.0,1.0,1.0,1.0,0.5,1.0,9.8,430.0,4.5
383,Groudon,Ground,,['Drought'],100,150,140,100,90,90,670,111.66666666666669,24.09472049133493,3.0,Slow,1250000,1.0,3,1.0,0.0,0.0,0.0,1.0,1.0,2.0,0.0,2.0,2.0,1.0,0.5,1.0,1.0,1.0,1.0,0.5,1.0,1.0,1.0,1.0,1.0,3.5,950.0,77.6
383,Primal Groudon,Ground,Fire,['Desolate Land'],100,180,160,150,90,90,770,128.33333333333334,36.24760528488591,6.0,Slow,1250000,1.0,3,1.0,1.0,0.0,0.0,1.0,0.5,4.0,0.0,1.0,1.0,1.0,0.5,2.0,1.0,1.0,0.5,1.0,1.0,1.0,1.0,0.5,0.5,5.0,999.7,40.0
384,Rayquaza,Dragon,Flying,['Air Lock'],105,150,90,150,90,95,680,113.33333333333331,26.40496586292477,3.0,Slow,1250000,1.0,45,1.0,0.0,0.0,0.0,1.0,0.5,0.5,1.0,0.25,4.0,0.5,1.0,0.0,1.0,1.0,0.5,2.0,1.0,2.0,1.0,1.0,2.0,7.0,206.5,4.2
384,Mega Rayquaza,Dragon,Flying,['Delta Stream'],105,180,100,180,100,115,780,130.0,35.70714214271425,6.0,Slow,1250000,1.0,45,1.0,1.0,0.0,0.0,1.0,0.5,0.5,1.0,0.25,4.0,0.5,1.0,0.0,1.0,1.0,0.5,2.0,1.0,2.0,1.0,1.0,2.0,10.8,392.0,3.4
385,Jirachi,Steel,Psychic,['Serene Grace'],100,100,100,100,100,100,600,100.0,0.0,3.0,Slow,1250000,1.0,3,1.0,0.0,0.0,0.0,0.5,2.0,1.0,1.0,0.5,0.5,1.0,0.0,2.0,0.5,0.25,1.0,0.5,2.0,0.5,2.0,0.5,0.5,0.3,1.1,12.2
386,Deoxys Normal Form,Psychic,,['Pressure'],50,150,50,150,50,150,600,100.0,50.0,3.0,Slow,1250000,1.0,3,1.0,0.0,0.0,0.0,1.0,1.0,1.0,1.0,1.0,1.0,0.5,1.0,1.0,1.0,0.5,2.0,1.0,2.0,1.0,2.0,1.0,1.0,1.7,60.8,21.0
386,Deoxys Defense Form,Psychic,,['Pressure'],50,70,160,70,160,90,600,100.0,43.9696865275764,3.0,Slow,1250000,1.0,3,1.0,0.0,0.0,0.0,1.0,1.0,1.0,1.0,1.0,1.0,0.5,1.0,1.0,1.0,0.5,2.0,1.0,2.0,1.0,2.0,1.0,1.0,1.7,60.8,21.0
386,Deoxys Attack Form,Psychic,,['Pressure'],50,180,20,180,20,150,600,100.0,71.4142842854285,3.0,Slow,1250000,1.0,3,1.0,0.0,0.0,0.0,1.0,1.0,1.0,1.0,1.0,1.0,0.5,1.0,1.0,1.0,0.5,2.0,1.0,2.0,1.0,2.0,1.0,1.0,1.7,60.8,21.0
386,Deoxys Speed Form,Psychic,,['Pressure'],50,95,90,95,90,180,600,100.0,39.05124837953327,3.0,Slow,1250000,1.0,3,1.0,0.0,0.0,0.0,1.0,1.0,1.0,1.0,1.0,1.0,0.5,1.0,1.0,1.0,0.5,2.0,1.0,2.0,1.0,2.0,1.0,1.0,1.7,60.8,21.0
480,Uxie,Psychic,,['Levitate'],75,75,130,75,130,95,580,96.66666666666669,24.60803843372233,4.0,Slow,1250000,1.0,3,1.0,0.0,0.0,0.0,1.0,1.0,1.0,1.0,1.0,1.0,0.5,1.0,1.0,1.0,0.5,2.0,1.0,2.0,1.0,2.0,1.0,1.0,0.3,0.3,3.3
481,Mesprit,Psychic,,['Levitate'],80,105,105,105,105,80,580,96.66666666666669,11.78511301977579,4.0,Slow,1250000,1.0,3,1.0,0.0,0.0,0.0,1.0,1.0,1.0,1.0,1.0,1.0,0.5,1.0,1.0,1.0,0.5,2.0,1.0,2.0,1.0,2.0,1.0,1.0,0.3,0.3,3.3
482,Azelf,Psychic,,['Levitate'],75,125,70,125,70,115,580,96.66666666666669,25.27625148017184,4.0,Slow,1250000,1.0,3,1.0,0.0,0.0,0.0,1.0,1.0,1.0,1.0,1.0,1.0,0.5,1.0,1.0,1.0,0.5,2.0,1.0,2.0,1.0,2.0,1.0,1.0,0.3,0.3,3.3
483,Dialga,Steel,Dragon,"['Pressure', 'Telepathy']",100,120,120,150,100,90,680,113.33333333333331,19.72026594366539,4.0,Slow,1250000,1.0,3,1.0,0.0,0.0,0.0,0.5,1.0,0.5,0.5,0.25,1.0,2.0,0.0,2.0,0.5,0.5,0.5,0.5,1.0,1.0,1.0,0.5,1.0,5.4,683.0,23.4
484,Palkia,Water,Dragon,"['Pressure', 'Telepathy']",90,120,100,150,120,100,680,113.33333333333331,19.72026594366539,4.0,Slow,1250000,1.0,3,1.0,0.0,0.0,0.0,1.0,0.25,0.25,1.0,1.0,1.0,1.0,1.0,1.0,1.0,1.0,1.0,1.0,1.0,2.0,1.0,0.5,2.0,4.2,336.0,19.0
485,Heatran,Fire,Steel,"['Flame Body', 'Flash Fire']",91,90,106,130,106,77,600,100.0,16.743157806499145,4.0,Slow,1250000,1.0,3,1.0,0.0,0.0,0.0,0.5,1.0,2.0,1.0,0.25,0.25,2.0,0.0,4.0,0.5,0.5,0.25,1.0,1.0,0.5,1.0,0.25,0.25,1.7,430.0,148.8
486,Regigigas,Normal,,['Slow Start'],110,160,110,80,110,100,670,111.66666666666669,24.094720491334936,4.0,Slow,1250000,1.0,3,1.0,0.0,0.0,0.0,1.0,1.0,1.0,1.0,1.0,1.0,2.0,1.0,1.0,1.0,1.0,1.0,1.0,0.0,1.0,1.0,1.0,1.0,3.7,420.0,30.7
487,Giratina,Ghost,Dragon,"['Pressure', 'Telepathy']",150,100,120,100,120,90,680,113.33333333333331,19.72026594366539,4.0,Slow,1250000,1.0,3,1.0,0.0,0.0,0.0,0.0,0.5,0.5,0.5,0.5,2.0,0.0,0.5,1.0,1.0,1.0,0.5,1.0,2.0,2.0,2.0,1.0,2.0,4.5,750.0,37.0
487,Giratina-Origin,Dragon,Ghost,['Pressure'],150,120,100,120,100,90,680,113.33333333333331,19.72026594366539,4.0,Slow,1250000,1.0,3,1.0,0.0,0.0,0.0,0.0,0.5,0.5,0.5,0.5,2.0,0.0,0.5,1.0,1.0,1.0,0.5,1.0,2.0,2.0,2.0,1.0,2.0,6.9,650.0,13.7
488,Cresselia,Psychic,,['Levitate'],120,70,120,75,130,85,600,100.0,23.9791576165636,4.0,Slow,1250000,1.0,3,1.0,0.0,0.0,0.0,1.0,1.0,1.0,1.0,1.0,1.0,0.5,1.0,1.0,1.0,0.5,2.0,1.0,2.0,1.0,2.0,1.0,1.0,1.5,85.6,38.0
489,Phione,Water,,['Hydration'],80,80,80,80,80,80,480,80.0,0.0,4.0,Slow,1250000,1.0,30,1.0,0.0,0.0,0.0,1.0,0.5,0.5,2.0,2.0,0.5,1.0,1.0,1.0,1.0,1.0,1.0,1.0,1.0,1.0,1.0,0.5,1.0,0.4,3.1,19.4
490,Manaphy,Water,,['Hydration'],100,100,100,100,100,100,600,100.0,0.0,4.0,Slow,1250000,1.0,3,1.0,0.0,0.0,0.0,1.0,0.5,0.5,2.0,2.0,0.5,1.0,1.0,1.0,1.0,1.0,1.0,1.0,1.0,1.0,1.0,0.5,1.0,0.3,1.4,15.6
491,Darkrai,Dark,,['Bad Dreams'],70,90,90,135,90,125,600,100.0,22.54624876411447,4.0,Slow,1250000,1.0,3,1.0,0.0,0.0,0.0,1.0,1.0,1.0,1.0,1.0,1.0,2.0,1.0,1.0,1.0,0.0,2.0,1.0,0.5,1.0,0.5,1.0,2.0,1.5,50.5,22.4
492,Shaymin,Grass,,['Natural Cure'],100,100,100,100,100,100,600,100.0,0.0,4.0,Medium Slow,1059860,1.0,45,1.0,0.0,0.0,0.0,1.0,2.0,0.5,0.5,0.5,2.0,1.0,2.0,0.5,2.0,1.0,2.0,1.0,1.0,1.0,1.0,1.0,1.0,0.2,2.1,52.5
492,Shaymin-Sky,Grass,Flying,['Serene Grace'],100,103,75,120,75,127,600,100.0,19.949937343260004,4.0,Medium Slow,1059860,1.0,45,1.0,0.0,0.0,0.0,1.0,2.0,0.5,1.0,0.25,4.0,0.5,2.0,0.0,2.0,1.0,1.0,2.0,1.0,1.0,1.0,1.0,1.0,0.4,5.2,32.5
493,Arceus,Normal,,['Multitype'],120,120,120,120,120,120,720,120.0,0.0,4.0,Slow,1250000,1.0,3,1.0,0.0,0.0,0.0,1.0,1.0,1.0,1.0,1.0,1.0,2.0,1.0,1.0,1.0,1.0,1.0,1.0,0.0,1.0,1.0,1.0,1.0,3.2,320.0,31.3
494,Victini,Psychic,Fire,['Victory Star'],100,100,100,100,100,100,600,100.0,0.0,5.0,Slow,1250000,1.0,3,1.0,0.0,0.0,0.0,1.0,0.5,2.0,1.0,0.5,0.5,0.5,1.0,2.0,1.0,0.5,1.0,2.0,2.0,1.0,2.0,0.5,0.5,0.4,4.0,25.0
638,Cobalion,Steel,Fighting,['Justified'],91,90,129,90,72,108,580,96.66666666666669,17.81073334319006,5.0,Slow,1250000,1.0,3,1.0,0.0,0.0,0.0,0.5,2.0,1.0,1.0,0.5,0.5,2.0,0.0,2.0,1.0,1.0,0.25,0.25,1.0,0.5,0.5,0.5,1.0,2.1,250.0,56.7
639,Terrakion,Rock,Fighting,['Justified'],91,129,90,72,90,108,580,96.66666666666669,17.81073334319006,5.0,Slow,1250000,1.0,3,1.0,0.0,0.0,0.0,0.5,0.5,2.0,1.0,2.0,1.0,2.0,0.5,2.0,1.0,2.0,0.5,0.5,1.0,1.0,0.5,2.0,2.0,1.9,260.0,72.0
640,Virizion,Grass,Fighting,['Justified'],91,90,72,90,129,108,580,96.66666666666669,17.81073334319006,5.0,Slow,1250000,1.0,3,1.0,0.0,0.0,0.0,1.0,2.0,0.5,0.5,0.5,2.0,1.0,2.0,0.5,4.0,2.0,1.0,0.5,1.0,1.0,0.5,1.0,2.0,2.0,200.0,50.0
641,Tornadus,Flying,,"['Defiant', 'Prankster']",79,115,70,125,80,111,580,96.66666666666669,20.99735433069816,5.0,Slow,1250000,1.0,3,1.0,0.0,0.0,0.0,1.0,1.0,1.0,2.0,0.5,2.0,0.5,1.0,0.0,1.0,1.0,0.5,2.0,1.0,1.0,1.0,1.0,1.0,1.5,63.0,28.0
641,Tornadus-Therian,Flying,,['Regenerator'],79,100,80,110,90,121,580,96.66666666666669,15.358674711344362,5.0,Slow,1250000,1.0,3,1.0,0.0,0.0,0.0,1.0,1.0,1.0,2.0,0.5,2.0,0.5,1.0,0.0,1.0,1.0,0.5,2.0,1.0,1.0,1.0,1.0,1.0,1.4,63.0,32.1
642,Thundurus,Electric,Flying,"['Defiant', 'Prankster']",79,115,70,125,80,111,580,96.66666666666669,20.99735433069816,5.0,Slow,1250000,1.0,3,1.0,0.0,0.0,0.0,1.0,1.0,1.0,1.0,0.5,2.0,0.5,1.0,0.0,0.5,1.0,0.5,2.0,1.0,1.0,1.0,0.5,1.0,1.5,61.0,27.1
642,Thundurus-Therian,Electric,Flying,['Volt Absorb'],79,105,70,145,80,101,580,96.66666666666669,24.917642121374342,5.0,Slow,1250000,1.0,3,1.0,0.0,0.0,0.0,1.0,1.0,1.0,1.0,0.5,2.0,0.5,1.0,0.0,0.5,1.0,0.5,2.0,1.0,1.0,1.0,0.5,1.0,3.0,61.0,6.8
643,Reshiram,Dragon,Fire,['Turboblaze'],100,120,100,150,120,90,680,113.33333333333331,19.72026594366539,5.0,Slow,1250000,1.0,3,1.0,0.0,0.0,0.0,1.0,0.25,1.0,0.5,0.25,1.0,1.0,1.0,2.0,1.0,1.0,0.5,2.0,1.0,2.0,1.0,0.5,1.0,3.2,330.0,32.2
644,Zekrom,Dragon,Electric,['Teravolt'],100,150,120,120,100,90,680,113.33333333333331,19.72026594366539,5.0,Slow,1250000,1.0,3,1.0,0.0,0.0,0.0,1.0,0.5,0.5,0.25,0.5,2.0,1.0,1.0,2.0,0.5,1.0,1.0,1.0,1.0,2.0,1.0,0.5,2.0,2.9,345.0,41.0
645,Landorus,Ground,Flying,"['Sand Force', 'Sheer Force']",89,125,90,115,80,101,600,100.0,15.663120165960974,5.0,Slow,1250000,1.0,3,1.0,0.0,0.0,0.0,1.0,1.0,2.0,0.0,1.0,4.0,0.5,0.5,0.0,1.0,1.0,0.5,1.0,1.0,1.0,1.0,1.0,1.0,1.5,68.0,30.2
645,Landorus-Therian,Ground,Flying,['Intimidate'],89,145,90,105,80,91,600,100.0,21.416504538945347,5.0,Slow,1250000,1.0,3,1.0,0.0,0.0,0.0,1.0,1.0,2.0,0.0,1.0,4.0,0.5,0.5,0.0,1.0,1.0,0.5,1.0,1.0,1.0,1.0,1.0,1.0,1.3,68.0,40.2
646,Kyurem,Dragon,Ice,['Pressure'],125,130,90,130,90,95,660,110.0,18.48422751068236,5.0,Slow,1250000,1.0,3,1.0,0.0,0.0,0.0,1.0,1.0,0.5,0.5,0.5,1.0,2.0,1.0,1.0,1.0,1.0,1.0,2.0,1.0,2.0,1.0,2.0,2.0,3.0,325.0,36.1
646,White Kyurem,Dragon,Ice,['Turboblaze'],125,120,90,170,100,95,700,116.66666666666669,27.028791233711424,5.0,Slow,1250000,1.0,3,1.0,0.0,0.0,0.0,1.0,1.0,0.5,0.5,0.5,1.0,2.0,1.0,1.0,1.0,1.0,1.0,2.0,1.0,2.0,1.0,2.0,2.0,3.6,325.0,25.1
646,Black Kyurem,Dragon,Ice,['Teravolt'],125,170,100,120,90,95,700,116.66666666666669,27.028791233711424,5.0,Slow,1250000,1.0,3,1.0,0.0,0.0,0.0,1.0,1.0,0.5,0.5,0.5,1.0,2.0,1.0,1.0,1.0,1.0,1.0,2.0,1.0,2.0,1.0,2.0,2.0,3.3,325.0,29.8
647,Keldeo,Water,Fighting,['Justified'],91,72,90,129,90,108,580,96.66666666666669,17.81073334319006,5.0,Slow,1250000,1.0,3,1.0,0.0,0.0,0.0,1.0,0.5,0.5,2.0,2.0,0.5,1.0,1.0,1.0,2.0,2.0,0.5,0.5,1.0,1.0,0.5,0.5,2.0,1.4,48.5,24.7
648,Meloetta,Normal,Psychic,['Serene Grace'],100,77,77,128,128,90,600,100.0,21.31509637166422,5.0,Slow,1250000,1.0,3,1.0,0.0,0.0,0.0,1.0,1.0,1.0,1.0,1.0,1.0,1.0,1.0,1.0,1.0,0.5,2.0,1.0,0.0,1.0,2.0,1.0,1.0,0.6,6.5,18.1
648,Meloetta-Pirouette,Normal,Fighting,['Serene Grace'],100,128,90,77,77,128,600,100.0,21.31509637166422,5.0,Slow,1250000,1.0,3,1.0,0.0,0.0,0.0,1.0,1.0,1.0,1.0,1.0,1.0,2.0,1.0,1.0,2.0,2.0,0.5,0.5,0.0,1.0,0.5,1.0,2.0,0.6,6.5,18.1
649,Genesect,Bug,Steel,['Download'],71,120,95,120,95,99,600,100.0,16.792855623746664,5.0,Slow,1250000,1.0,3,1.0,0.0,0.0,0.0,0.5,4.0,1.0,1.0,0.25,0.5,1.0,0.0,1.0,1.0,0.5,0.5,1.0,1.0,0.5,1.0,0.5,0.5,1.5,82.5,36.7
716,Xerneas,Fairy,,['Fairy Aura'],126,131,95,131,98,99,680,113.33333333333331,16.131404843417148,6.0,Slow,1250000,1.0,45,1.0,0.0,0.0,0.0,1.0,1.0,1.0,1.0,1.0,1.0,0.5,2.0,1.0,1.0,1.0,0.5,1.0,1.0,0.0,0.5,2.0,1.0,3.0,215.0,23.9
717,Yveltal,Dark,Flying,['Dark Aura'],126,131,95,131,98,99,680,113.33333333333331,16.131404843417148,6.0,Slow,1250000,1.0,45,1.0,0.0,0.0,0.0,1.0,1.0,1.0,2.0,0.5,2.0,1.0,1.0,0.0,1.0,0.0,1.0,2.0,0.5,1.0,0.5,1.0,2.0,5.8,203.0,6.0
718,Zygarde,Dragon,Ground,['Aura Break'],108,100,121,81,95,95,600,100.0,12.355835328567093,6.0,Slow,1250000,1.0,3,1.0,0.0,0.0,0.0,1.0,0.5,1.0,0.0,1.0,4.0,1.0,0.5,1.0,1.0,1.0,1.0,0.5,1.0,2.0,1.0,1.0,2.0,5.0,305.0,12.2
718,Zygarde 10%,Dragon,Ground,"['Aura Break', 'Power Construct']",54,100,71,61,85,115,486,81.0,21.455380055672126,6.0,Slow,1250000,1.0,3,1.0,0.0,0.0,0.0,1.0,0.5,1.0,0.0,1.0,4.0,1.0,0.5,1.0,1.0,1.0,1.0,0.5,1.0,2.0,1.0,1.0,2.0,1.2,33.5,23.3
718,Zygarde Complete,Dragon,Ground,"['Aura Break', 'Power Construct']",216,100,121,91,95,85,708,118.0,45.24746770078225,6.0,Slow,1250000,1.0,3,1.0,0.0,0.0,0.0,1.0,0.5,1.0,0.0,1.0,4.0,1.0,0.5,1.0,1.0,1.0,1.0,0.5,1.0,2.0,1.0,1.0,2.0,4.5,610.0,30.1
719,Mega Diancie,Rock,Fairy,['Magic Bounce'],50,160,110,160,110,110,700,116.66666666666669,37.26779962499649,6.0,Slow,1250000,1.0,3,1.0,1.0,0.0,0.0,0.5,0.5,2.0,1.0,2.0,1.0,1.0,1.0,2.0,0.5,1.0,0.5,1.0,1.0,0.0,0.5,4.0,1.0,1.1,27.8,23.0
719,Diancie,Rock,Fairy,['Clear Body'],50,100,150,100,150,50,600,100.0,40.8248290463863,6.0,Slow,1250000,1.0,3,1.0,0.0,0.0,0.0,0.5,0.5,2.0,1.0,2.0,1.0,1.0,1.0,2.0,0.5,1.0,0.5,1.0,1.0,0.0,0.5,4.0,1.0,0.7,8.8,18.0
720,Hoopa,Psychic,Ghost,['Magician'],80,110,60,150,130,70,600,100.0,32.65986323710904,6.0,Slow,1250000,1.0,3,1.0,0.0,0.0,0.0,0.0,1.0,1.0,1.0,1.0,1.0,0.0,0.5,1.0,1.0,0.5,1.0,1.0,4.0,1.0,4.0,1.0,1.0,0.5,9.0,36.0
720,Hoopa Unbound,Psychic,Dark,['Magician'],80,160,60,170,130,80,680,113.33333333333331,42.295258468165066,6.0,Slow,1250000,1.0,3,1.0,0.0,0.0,0.0,1.0,1.0,1.0,1.0,1.0,1.0,1.0,1.0,1.0,1.0,0.0,4.0,1.0,1.0,1.0,1.0,1.0,2.0,6.5,490.0,11.6
721,Volcanion,Fire,Water,['Water Absorb'],80,110,120,130,90,70,600,100.0,21.602468994692867,6.0,Slow,1250000,1.0,3,1.0,0.0,0.0,0.0,1.0,0.25,1.0,2.0,1.0,0.25,1.0,1.0,2.0,1.0,1.0,0.5,2.0,1.0,1.0,1.0,0.25,0.5,1.7,195.0,67.5
772,Type: Null,Normal,,['Battle Armor'],95,95,95,95,95,59,534,89.0,13.41640786499874,7.0,Slow,1250000,0.0,3,1.0,0.0,0.0,0.0,1.0,1.0,1.0,1.0,1.0,1.0,2.0,1.0,1.0,1.0,1.0,1.0,1.0,0.0,1.0,1.0,1.0,1.0,1.9,120.5,33.4
773,Silvally,Normal,,['RKS System'],95,95,95,95,95,95,570,95.0,0.0,7.0,Slow,1250000,1.0,3,1.0,0.0,0.0,0.0,1.0,1.0,1.0,1.0,1.0,1.0,2.0,1.0,1.0,1.0,1.0,1.0,1.0,0.0,1.0,1.0,1.0,1.0,2.3,100.5,19.0
785,Tapu Koko,Electric,Fairy,"['Electric Surge', 'Telepathy']",70,115,85,95,75,130,570,95.0,21.40872096444188,7.0,Slow,1250000,1.0,3,1.0,0.0,0.0,0.0,1.0,1.0,1.0,0.5,1.0,1.0,0.5,2.0,2.0,0.5,1.0,0.5,1.0,1.0,0.0,0.5,1.0,1.0,1.8,20.5,6.3
786,Tapu Lele,Psychic,Fairy,"['Psychic Surge', 'Telepathy']",70,85,75,130,115,95,570,95.0,21.40872096444188,7.0,Slow,1250000,1.0,3,1.0,0.0,0.0,0.0,1.0,1.0,1.0,1.0,1.0,1.0,0.25,2.0,1.0,1.0,0.5,1.0,1.0,2.0,0.0,1.0,2.0,1.0,1.2,18.6,12.9
787,Tapu Bulu,Grass,Fairy,"['Grassy Surge', 'Telepathy']",70,130,115,85,95,75,570,95.0,21.40872096444188,7.0,Slow,1250000,1.0,3,1.0,0.0,0.0,0.0,1.0,2.0,0.5,0.5,0.5,2.0,0.5,4.0,0.5,2.0,1.0,1.0,1.0,1.0,0.0,0.5,2.0,1.0,1.9,45.5,12.6
788,Tapu Fini,Water,Fairy,"['Misty Surge', 'Telepathy']",70,75,115,95,130,85,570,95.0,21.40872096444188,7.0,Slow,1250000,1.0,3,1.0,0.0,0.0,0.0,1.0,0.5,0.5,2.0,2.0,0.5,0.5,2.0,1.0,1.0,1.0,0.5,1.0,1.0,0.0,0.5,1.0,1.0,1.3,21.2,12.5
789,Cosmog,Psychic,,['Unaware'],43,29,31,29,31,37,200,33.333333333333336,5.08811250749125,7.0,Slow,1250000,0.0,45,1.0,0.0,0.0,0.0,1.0,1.0,1.0,1.0,1.0,1.0,0.5,1.0,1.0,1.0,0.5,2.0,1.0,2.0,1.0,2.0,1.0,1.0,0.2,0.1,2.5
790,Cosmoem,Psychic,,['Sturdy'],43,29,131,29,131,37,400,66.66666666666667,45.744459288044446,7.0,Slow,1250000,0.0,45,1.0,0.0,0.0,0.0,1.0,1.0,1.0,1.0,1.0,1.0,0.5,1.0,1.0,1.0,0.5,2.0,1.0,2.0,1.0,2.0,1.0,1.0,0.1,999.9,99990.0
791,Solgaleo,Psychic,Steel,['Full Metal Body'],137,137,107,113,89,97,680,113.33333333333331,18.34545054108935,7.0,Slow,1250000,1.0,45,1.0,0.0,0.0,0.0,0.5,2.0,1.0,1.0,0.5,0.5,1.0,0.0,2.0,0.5,0.25,1.0,0.5,2.0,0.5,2.0,0.5,0.5,3.4,230.0,19.9
792,Lunala,Psychic,Ghost,['Shadow Shield'],137,113,89,137,107,97,680,113.33333333333331,18.34545054108935,7.0,Slow,1250000,1.0,45,1.0,0.0,0.0,0.0,0.0,1.0,1.0,1.0,1.0,1.0,0.0,0.5,1.0,1.0,0.5,1.0,1.0,4.0,1.0,4.0,1.0,1.0,4.0,120.0,7.5
793,Nihilego,Rock,Poison,['Beast Boost'],109,53,47,127,131,103,570,95.0,33.28663395418648,7.0,Slow,1250000,1.0,45,1.0,0.0,0.0,0.0,0.5,0.5,2.0,1.0,1.0,1.0,1.0,0.25,4.0,0.5,2.0,0.5,1.0,1.0,1.0,1.0,2.0,0.5,1.2,55.5,38.5
794,Buzzwole,Bug,Fighting,['Beast Boost'],107,139,139,53,53,79,570,95.0,36.05551275463989,7.0,Slow,1250000,1.0,45,1.0,0.0,0.0,0.0,1.0,2.0,1.0,1.0,0.5,1.0,0.5,1.0,0.5,4.0,2.0,0.5,1.0,1.0,1.0,0.5,1.0,2.0,2.4,333.6,57.9
795,Pheromosa,Bug,Fighting,['Beast Boost'],71,137,37,137,37,151,570,95.0,48.24935232725928,7.0,Slow,1250000,1.0,45,1.0,0.0,0.0,0.0,1.0,2.0,1.0,1.0,0.5,1.0,0.5,1.0,0.5,4.0,2.0,0.5,1.0,1.0,1.0,0.5,1.0,2.0,1.8,25.0,7.7
796,Xurkitree,Electric,,['Beast Boost'],83,89,71,173,71,83,570,95.0,35.4964786985977,7.0,Slow,1250000,1.0,45,1.0,0.0,0.0,0.0,1.0,1.0,1.0,0.5,1.0,1.0,1.0,1.0,2.0,0.5,1.0,1.0,1.0,1.0,1.0,1.0,0.5,1.0,3.8,100.0,6.9
797,Celesteela,Steel,Flying,['Beast Boost'],97,101,103,107,101,61,570,95.0,15.491933384829668,7.0,Slow,1250000,1.0,45,1.0,0.0,0.0,0.0,0.5,2.0,1.0,2.0,0.25,1.0,1.0,0.0,0.0,0.5,0.5,0.25,1.0,1.0,0.5,1.0,0.5,0.5,9.2,999.9,11.8
798,Kartana,Grass,Steel,['Beast Boost'],59,181,131,59,31,109,570,95.0,50.95095681142799,7.0,Slow,1250000,1.0,45,1.0,0.0,0.0,0.0,0.5,4.0,0.5,0.5,0.25,1.0,2.0,0.0,1.0,1.0,0.5,1.0,0.5,1.0,0.5,1.0,0.5,0.5,0.3,0.1,1.1
799,Guzzlord,Dark,Dragon,['Beast Boost'],223,101,53,97,53,43,570,95.0,61.44916598294886,7.0,Slow,1250000,1.0,45,1.0,0.0,0.0,0.0,1.0,0.5,0.5,0.5,0.5,2.0,2.0,1.0,1.0,1.0,0.0,2.0,1.0,0.5,2.0,0.5,1.0,4.0,5.5,888.0,29.4
800,Necrozma,Psychic,,['Prism Armor'],97,107,101,127,89,79,600,100.0,15.0,7.0,Slow,1250000,1.0,255,1.0,0.0,0.0,0.0,1.0,1.0,1.0,1.0,1.0,1.0,0.5,1.0,1.0,1.0,0.5,2.0,1.0,2.0,1.0,2.0,1.0,1.0,2.4,230.0,39.9
800,Dusk Mane Necrozma,Psychic,Steel,['Prism Armor'],97,157,127,113,109,77,680,113.33333333333331,24.830536755284925,7.0,Slow,1250000,1.0,255,1.0,0.0,0.0,0.0,0.5,2.0,1.0,1.0,0.5,0.5,1.0,0.0,2.0,0.5,0.25,1.0,0.5,2.0,0.5,2.0,0.5,0.5,3.8,460.0,31.9
800,Dawn Wings Necrozma,Psychic,Ghost,['Prism Armor'],97,113,109,157,127,77,680,113.33333333333331,24.830536755284925,7.0,Slow,1250000,1.0,255,1.0,0.0,0.0,0.0,0.0,1.0,1.0,1.0,1.0,1.0,0.0,0.5,1.0,1.0,0.5,1.0,1.0,4.0,1.0,4.0,1.0,1.0,4.2,350.0,19.8
800,Ultra Necrozma,Psychic,Dragon,['Prism Armor'],97,167,97,167,97,129,754,125.66666666666669,31.340424729448426,7.0,Slow,1250000,1.0,255,1.0,0.0,0.0,0.0,1.0,0.5,0.5,0.5,0.5,2.0,0.5,1.0,1.0,1.0,0.5,2.0,1.0,2.0,2.0,2.0,1.0,2.0,7.5,230.0,4.1
801,Magearna,Steel,Fairy,['Soul-Heart'],80,95,115,130,115,65,600,100.0,22.36067977499789,7.0,Slow,1250000,1.0,3,1.0,0.0,0.0,0.0,0.5,2.0,1.0,1.0,0.5,0.5,1.0,0.0,2.0,0.5,0.5,0.25,0.5,1.0,0.0,0.5,1.0,0.5,1.0,80.5,80.5
802,Marshadow,Fighting,Ghost,['Technician'],90,125,80,90,90,125,600,100.0,18.027756377319943,7.0,Slow,1250000,1.0,3,1.0,0.0,0.0,0.0,0.0,1.0,1.0,1.0,1.0,1.0,0.0,0.5,1.0,2.0,2.0,0.25,0.5,2.0,1.0,1.0,1.0,2.0,0.7,22.2,45.3
803,Poipole,Poison,,['Beast Boost'],67,73,67,73,67,73,420,70.0,3.0,7.0,Slow,1250000,0.0,45,1.0,0.0,0.0,0.0,1.0,1.0,1.0,1.0,0.5,1.0,0.5,0.5,2.0,1.0,2.0,0.5,1.0,1.0,1.0,1.0,1.0,0.5,0.6,1.8,5.0
804,Naganadel,Poison,Dragon,['Beast Boost'],73,73,73,127,73,121,540,90.0,24.1039415863879,7.0,Slow,1250000,1.0,45,1.0,0.0,0.0,0.0,1.0,0.5,0.5,0.5,0.25,2.0,0.5,0.5,2.0,1.0,2.0,0.5,1.0,1.0,2.0,1.0,1.0,1.0,3.6,150.0,11.6
805,Stakataka,Rock,Steel,['Beast Boost'],61,131,211,53,101,13,570,95.0,63.81222453417527,7.0,Slow,1250000,1.0,30,1.0,0.0,0.0,0.0,0.25,1.0,2.0,1.0,1.0,0.5,4.0,0.0,4.0,0.25,0.5,0.5,0.5,1.0,0.5,1.0,1.0,0.5,5.5,820.0,27.1
806,Blacephalon,Fire,Ghost,['Beast Boost'],53,127,53,151,79,107,570,95.0,36.71511950137164,7.0,Slow,1250000,1.0,30,1.0,0.0,0.0,0.0,0.0,0.5,2.0,1.0,0.5,0.5,0.0,0.5,2.0,1.0,1.0,0.25,2.0,2.0,1.0,2.0,0.5,0.5,1.8,13.0,4.0
807,Zeraora,Electric,,['Volt Absorb'],88,112,75,102,80,143,600,100.0,22.970996205360063,7.0,Slow,1250000,1.0,3,1.0,0.0,0.0,0.0,1.0,1.0,1.0,0.5,1.0,1.0,1.0,1.0,2.0,0.5,1.0,1.0,1.0,1.0,1.0,1.0,0.5,1.0,1.5,44.5,19.8
808,Meltan,Steel,,['Magnet Pull'],46,65,65,55,35,34,300,50.0,12.727922061357855,7.0,Slow,1250000,0.0,3,1.0,0.0,0.0,0.0,0.5,2.0,1.0,1.0,0.5,0.5,2.0,0.0,2.0,0.5,0.5,0.5,0.5,1.0,0.5,1.0,0.5,0.5,0.2,8.0,200.0
809,Melmetal,Steel,,['Iron Fist'],135,143,143,80,65,34,600,100.0,42.63019274332844,7.0,Slow,1250000,1.0,3,1.0,0.0,0.0,0.0,0.5,2.0,1.0,1.0,0.5,0.5,2.0,0.0,2.0,0.5,0.5,0.5,0.5,1.0,0.5,1.0,0.5,0.5,2.5,800.0,128.0
888,Zacian,Fairy,,['Intrepid Sword'],92,130,115,80,115,138,670,111.66666666666669,20.171487027209693,8.0,Slow,1250000,1.0,10,1.0,0.0,0.0,0.0,1.0,1.0,1.0,1.0,1.0,1.0,0.5,2.0,1.0,1.0,1.0,0.5,1.0,1.0,0.0,0.5,2.0,1.0,2.8,110.0,14.0
888,Zacian Crowned Sword,Fairy,Steel,['Intrepid Sword'],92,170,115,80,115,148,720,120.0,30.870698080866266,8.0,Slow,1250000,1.0,10,1.0,0.0,0.0,0.0,0.5,2.0,1.0,1.0,0.5,0.5,1.0,0.0,2.0,0.5,0.5,0.25,0.5,1.0,0.0,0.5,1.0,0.5,2.8,355.0,45.3
889,Zamazenta,Fighting,,['Dauntless Shield'],92,130,115,80,115,138,670,111.66666666666669,20.171487027209693,8.0,Slow,1250000,1.0,10,1.0,0.0,0.0,0.0,1.0,1.0,1.0,1.0,1.0,1.0,1.0,1.0,1.0,2.0,2.0,0.5,0.5,1.0,1.0,0.5,1.0,2.0,2.9,210.0,25.0
889,Zamazenta Crowned Shield,Fighting,Steel,['Dauntless Shield'],92,130,145,80,145,128,720,120.0,25.15949125081825,8.0,Slow,1250000,1.0,10,1.0,0.0,0.0,0.0,0.5,2.0,1.0,1.0,0.5,0.5,2.0,0.0,2.0,1.0,1.0,0.25,0.25,1.0,0.5,0.5,0.5,1.0,2.9,785.0,93.3
890,Eternatus,Poison,Dragon,['Pressure'],140,85,95,145,95,130,690,115.0,23.9791576165636,8.0,Slow,1250000,1.0,255,1.0,0.0,0.0,0.0,1.0,0.5,0.5,0.5,0.25,2.0,0.5,0.5,2.0,1.0,2.0,0.5,1.0,1.0,2.0,1.0,1.0,1.0,20.0,950.0,2.4
891,Kubfu,Fighting,,['Inner Focus'],60,90,60,53,50,72,385,64.16666666666667,13.47116261583321,8.0,Slow,1250000,0.0,3,1.0,0.0,0.0,0.0,1.0,1.0,1.0,1.0,1.0,1.0,1.0,1.0,1.0,2.0,2.0,0.5,0.5,1.0,1.0,0.5,1.0,2.0,0.6,12.0,33.3
892,Urshifu Rapid Strike Style,Fighting,Water,['Unseen Fist'],100,130,100,63,60,97,550,91.66666666666669,24.01851137953576,8.0,Slow,1250000,1.0,3,1.0,0.0,0.0,0.0,1.0,0.5,0.5,2.0,2.0,0.5,1.0,1.0,1.0,2.0,2.0,0.5,0.5,1.0,1.0,0.5,0.5,2.0,1.9,105.0,29.1
892,Urshifu Single Strike Style,Fighting,Dark,['Unseen Fist'],100,130,100,63,60,97,550,91.66666666666669,24.01851137953576,8.0,Slow,1250000,1.0,3,1.0,0.0,0.0,0.0,1.0,1.0,1.0,1.0,1.0,1.0,2.0,1.0,1.0,2.0,0.0,1.0,0.5,0.5,1.0,0.25,1.0,4.0,1.9,105.0,29.1
893,Zarude,Dark,Grass,['Leaf Guard'],105,120,105,70,95,105,600,100.0,15.275252316519468,8.0,Slow,1250000,1.0,3,1.0,0.0,0.0,0.0,1.0,2.0,0.5,0.5,0.5,2.0,2.0,2.0,0.5,2.0,0.0,4.0,1.0,0.5,1.0,0.5,1.0,2.0,1.8,70.0,21.6
894,Regieleki,Electric,,['Transistor'],80,100,50,100,50,200,580,96.66666666666669,50.55250296034367,8.0,Slow,1250000,1.0,3,1.0,0.0,0.0,0.0,1.0,1.0,1.0,0.5,1.0,1.0,1.0,1.0,2.0,0.5,1.0,1.0,1.0,1.0,1.0,1.0,0.5,1.0,1.2,145.0,100.7
895,Regidrago,Dragon,,"[""Dragon's Maw""]",200,100,50,100,50,80,580,96.66666666666669,50.55250296034367,8.0,Slow,1250000,1.0,3,1.0,0.0,0.0,0.0,1.0,0.5,0.5,0.5,0.5,2.0,1.0,1.0,1.0,1.0,1.0,1.0,1.0,1.0,2.0,1.0,1.0,2.0,2.1,200.0,45.4
896,Glastrier,Ice,,['Chilling Neigh'],100,145,130,65,110,30,580,96.66666666666669,38.908725099762506,8.0,Slow,1250000,1.0,3,1.0,0.0,0.0,0.0,1.0,2.0,1.0,1.0,1.0,0.5,2.0,1.0,1.0,1.0,1.0,1.0,2.0,1.0,1.0,1.0,2.0,1.0,2.2,800.0,165.3
897,Spectrier,Ghost,,['Grim Neigh'],100,65,60,145,80,130,580,96.66666666666669,31.84162195757133,8.0,Slow,1250000,1.0,3,1.0,0.0,0.0,0.0,0.0,1.0,1.0,1.0,1.0,1.0,0.0,0.5,1.0,1.0,1.0,0.5,1.0,2.0,1.0,2.0,1.0,1.0,2.0,44.5,11.1
898,Calyrex,Psychic,Grass,['Unnerve'],100,80,80,80,80,80,500,83.33333333333333,7.453559924999299,8.0,Slow,1250000,1.0,3,1.0,0.0,0.0,0.0,1.0,2.0,0.5,0.5,0.5,2.0,0.5,2.0,0.5,2.0,0.5,4.0,1.0,2.0,1.0,2.0,1.0,1.0,1.1,7.7,6.4
898,Calyrex Ice Rider,Psychic,Ice,['As One'],100,165,150,85,130,50,680,113.33333333333331,39.33474573735316,8.0,Slow,1250000,1.0,3,1.0,0.0,0.0,0.0,1.0,2.0,1.0,1.0,1.0,0.5,1.0,1.0,1.0,1.0,0.5,2.0,2.0,2.0,1.0,2.0,2.0,1.0,2.4,809.1,140.5
898,Calyrex Shadow Rider,Psychic,Ghost,['As One'],100,85,80,165,100,150,680,113.33333333333331,32.36081306491267,8.0,Slow,1250000,1.0,3,1.0,0.0,0.0,0.0,0.0,1.0,1.0,1.0,1.0,1.0,0.0,0.5,1.0,1.0,0.5,1.0,1.0,4.0,1.0,4.0,1.0,1.0,2.4,53.6,9.3
